{"GFLOPs": 0.000909918, "graph": {"_type": "graph-file", "sha256": "8b316648f8aed00331d333b127b4e77725e82c7aaf906f0114ba99b1c8608bee", "size": 1039, "path": "media/graph/graph_summary_8b316648f8aed00331d3.graph.json"}, "epoch": 5, "_timestamp": 1661881342.0440044, "_runtime": 74.81724548339844, "loss": 0.018420714884996414, "acc": 0.9941166639328003, "val_loss": 0.04073002189397812, "val_acc": 0.9868000149726868, "_step": 5, "best_val_loss": 0.03640884533524513, "best_epoch": 3, "_wandb": {"runtime": 74}}